name,email
Aarohi Verma,aarohi.verma4514@yahoo.com
Myra Bansal,myra.bansal963@yahoo.com
Vihaan Bansal,vihaan.bansal3481@gmail.com
Krishna Sharma,krishna.sharma8045@gmail.com
Vihaan Verma,vihaan.verma5875@yahoo.com
Arjun Singh,arjun.singh5771@gmail.com
Ira Agarwal,ira.agarwal7725@example.com
Aarohi Verma,aarohi.verma8833@outlook.com
Aadhya Agarwal,aadhya.agarwal2639@outlook.com
Riya Malhotra,riya.malhotra2170@gmail.com
Myra Mehta,myra.mehta4641@gmail.com
Sara Jain,sara.jain1423@outlook.com
Vihaan Jain,vihaan.jain8211@yahoo.com
Ishaan Agarwal,ishaan.agarwal6023@gmail.com
Sara Jain,sara.jain4631@gmail.com
Riya Gupta,riya.gupta8114@example.com
Diya Bansal,diya.bansal37@yahoo.com
Riya Jain,riya.jain7606@gmail.com
Reyansh Verma,reyansh.verma9850@example.com
Diya Sharma,diya.sharma7343@example.com
Ayaan Sharma,ayaan.sharma8915@gmail.com
Ishaan Verma,ishaan.verma2932@gmail.com
Aarohi Bansal,aarohi.bansal4270@gmail.com
Vivaan Bansal,vivaan.bansal4747@yahoo.com
Krishna Verma,krishna.verma9299@example.com
Aditya Verma,aditya.verma2029@outlook.com
Reyansh Mehta,reyansh.mehta8503@yahoo.com
Ananya Sharma,ananya.sharma6477@outlook.com
Avni Verma,avni.verma2480@gmail.com
Diya Sharma,diya.sharma624@yahoo.com
Riya Jain,riya.jain1503@yahoo.com
Vivaan Singh,vivaan.singh6045@example.com
Vivaan Kumar,vivaan.kumar5333@gmail.com
Arjun Malhotra,arjun.malhotra5174@outlook.com
Avni Kumar,avni.kumar2828@example.com
Reyansh Mehta,reyansh.mehta1956@example.com
Ananya Bansal,ananya.bansal3819@example.com
Riya Sharma,riya.sharma3272@outlook.com
Sai Jain,sai.jain6363@yahoo.com
Ishaan Jain,ishaan.jain431@gmail.com
Vihaan Bansal,vihaan.bansal1156@gmail.com
Sai Agarwal,sai.agarwal1834@example.com
Myra Gupta,myra.gupta8451@outlook.com
Reyansh Verma,reyansh.verma6531@outlook.com
Avni Mehta,avni.mehta5066@gmail.com
Ananya Gupta,ananya.gupta2620@outlook.com
Diya Verma,diya.verma2859@outlook.com
Riya Sharma,riya.sharma8836@yahoo.com
Avni Jain,avni.jain1756@gmail.com
Aarav Sharma,aarav.sharma929@gmail.com
Ananya Gupta,ananya.gupta7926@gmail.com
Kiara Kumar,kiara.kumar6624@example.com
Reyansh Agarwal,reyansh.agarwal7405@outlook.com
Aditya Singh,aditya.singh5314@yahoo.com
Aditya Agarwal,aditya.agarwal7033@gmail.com
Vihaan Gupta,vihaan.gupta9018@gmail.com
Vihaan Gupta,vihaan.gupta6942@outlook.com
Vihaan Singh,vihaan.singh7188@example.com
Ishaan Gupta,ishaan.gupta1396@gmail.com
Sai Malhotra,sai.malhotra7999@example.com
Vivaan Kumar,vivaan.kumar8090@gmail.com
Ira Agarwal,ira.agarwal4625@outlook.com
Ishaan Jain,ishaan.jain3686@outlook.com
Sai Verma,sai.verma9343@yahoo.com
Ishaan Sharma,ishaan.sharma6427@yahoo.com
Krishna Agarwal,krishna.agarwal8650@gmail.com
Ayaan Verma,ayaan.verma9432@outlook.com
Ishaan Kumar,ishaan.kumar7942@yahoo.com
Arjun Singh,arjun.singh6849@yahoo.com
Reyansh Mehta,reyansh.mehta3139@outlook.com
Ira Bansal,ira.bansal8879@outlook.com
Sara Mehta,sara.mehta3582@example.com
Ananya Mehta,ananya.mehta579@gmail.com
Vihaan Jain,vihaan.jain3093@outlook.com
Vivaan Bansal,vivaan.bansal3722@example.com
Avni Singh,avni.singh944@outlook.com
Sara Kumar,sara.kumar2997@example.com
Reyansh Malhotra,reyansh.malhotra1618@example.com
Riya Singh,riya.singh415@outlook.com
Avni Bansal,avni.bansal6765@example.com
Aarav Gupta,aarav.gupta1493@outlook.com
Ishaan Singh,ishaan.singh6852@yahoo.com
Riya Jain,riya.jain5782@gmail.com
Kiara Verma,kiara.verma3134@gmail.com
Aditya Sharma,aditya.sharma9157@gmail.com
Diya Malhotra,diya.malhotra7792@yahoo.com
Arjun Mehta,arjun.mehta8562@yahoo.com
Ayaan Gupta,ayaan.gupta3014@gmail.com
Arjun Bansal,arjun.bansal363@outlook.com
Ayaan Kumar,ayaan.kumar4261@example.com
Aarav Jain,aarav.jain7169@gmail.com
Sara Kumar,sara.kumar4397@yahoo.com
Aarav Gupta,aarav.gupta2745@yahoo.com
Reyansh Jain,reyansh.jain5346@gmail.com
Ira Malhotra,ira.malhotra3927@yahoo.com
Diya Jain,diya.jain8650@example.com
Ayaan Agarwal,ayaan.agarwal8926@example.com
Sai Mehta,sai.mehta4487@yahoo.com
Aadhya Mehta,aadhya.mehta6297@gmail.com
Kiara Agarwal,kiara.agarwal1920@outlook.com
Ananya Bansal,ananya.bansal786@example.com
Riya Mehta,riya.mehta1821@outlook.com
Diya Verma,diya.verma7404@outlook.com
Ananya Singh,ananya.singh7412@outlook.com
Aarav Kumar,aarav.kumar4425@outlook.com
Aditya Sharma,aditya.sharma6153@example.com
Avni Mehta,avni.mehta1468@gmail.com
Reyansh Bansal,reyansh.bansal5191@yahoo.com
Ananya Sharma,ananya.sharma3641@outlook.com
Diya Gupta,diya.gupta2903@yahoo.com
Aditya Malhotra,aditya.malhotra3105@outlook.com
Sara Mehta,sara.mehta1537@yahoo.com
Kiara Malhotra,kiara.malhotra3644@example.com
Myra Agarwal,myra.agarwal9068@outlook.com
Ishaan Kumar,ishaan.kumar4894@outlook.com
Aditya Gupta,aditya.gupta9761@gmail.com
Myra Mehta,myra.mehta8105@outlook.com
Aarav Mehta,aarav.mehta4466@gmail.com
Aadhya Bansal,aadhya.bansal138@outlook.com
Kiara Agarwal,kiara.agarwal1333@yahoo.com
Diya Sharma,diya.sharma9786@yahoo.com
Ira Jain,ira.jain1598@yahoo.com
Arjun Agarwal,arjun.agarwal8827@outlook.com
Aadhya Sharma,aadhya.sharma841@example.com
Aadhya Malhotra,aadhya.malhotra1625@gmail.com
Arjun Singh,arjun.singh8017@example.com
Sai Gupta,sai.gupta4396@yahoo.com
Aarohi Mehta,aarohi.mehta307@yahoo.com
Aditya Agarwal,aditya.agarwal9787@yahoo.com
Kiara Verma,kiara.verma461@gmail.com
Aditya Mehta,aditya.mehta4551@outlook.com
Vivaan Jain,vivaan.jain1809@example.com
Ishaan Sharma,ishaan.sharma6799@yahoo.com
Reyansh Mehta,reyansh.mehta3660@outlook.com
Kiara Agarwal,kiara.agarwal2484@outlook.com
Vivaan Mehta,vivaan.mehta2961@yahoo.com
Ishaan Sharma,ishaan.sharma5878@gmail.com
Aditya Agarwal,aditya.agarwal2274@yahoo.com
Ayaan Gupta,ayaan.gupta3075@example.com
Ishaan Gupta,ishaan.gupta1648@gmail.com
Vihaan Gupta,vihaan.gupta4611@yahoo.com
Ayaan Sharma,ayaan.sharma1772@yahoo.com
Sai Jain,sai.jain7453@yahoo.com
Sara Kumar,sara.kumar6250@yahoo.com
Ira Singh,ira.singh4654@yahoo.com
Arjun Verma,arjun.verma5453@example.com
Sai Agarwal,sai.agarwal3275@gmail.com
Krishna Mehta,krishna.mehta9779@outlook.com
Myra Malhotra,myra.malhotra7941@yahoo.com
Avni Bansal,avni.bansal5639@example.com
Ayaan Jain,ayaan.jain9153@outlook.com
Ira Gupta,ira.gupta320@gmail.com
Sai Verma,sai.verma948@example.com
Vivaan Gupta,vivaan.gupta7745@yahoo.com
Myra Agarwal,myra.agarwal606@example.com
Kiara Sharma,kiara.sharma1975@example.com
Riya Sharma,riya.sharma7541@example.com
Sai Mehta,sai.mehta1503@gmail.com
Avni Gupta,avni.gupta1220@yahoo.com
Ishaan Singh,ishaan.singh7542@example.com
Kiara Verma,kiara.verma1262@yahoo.com
Ishaan Jain,ishaan.jain7668@gmail.com
Vivaan Agarwal,vivaan.agarwal4226@gmail.com
Ananya Singh,ananya.singh692@yahoo.com
Ayaan Jain,ayaan.jain1042@outlook.com
Sai Sharma,sai.sharma1459@example.com
Aarohi Agarwal,aarohi.agarwal5931@example.com
Myra Jain,myra.jain689@outlook.com
Sai Kumar,sai.kumar1446@yahoo.com
Ira Singh,ira.singh7364@outlook.com
Arjun Gupta,arjun.gupta3973@outlook.com
Aditya Verma,aditya.verma3680@example.com
Myra Agarwal,myra.agarwal9192@example.com
Ira Sharma,ira.sharma6236@example.com
Krishna Malhotra,krishna.malhotra7961@gmail.com
Sara Verma,sara.verma7915@outlook.com
Aditya Malhotra,aditya.malhotra6708@example.com
Riya Agarwal,riya.agarwal6484@outlook.com
Arjun Bansal,arjun.bansal7291@outlook.com
Aditya Jain,aditya.jain83@yahoo.com
Krishna Agarwal,krishna.agarwal6201@outlook.com
Aadhya Verma,aadhya.verma4198@outlook.com
Kiara Agarwal,kiara.agarwal9775@gmail.com
Ananya Kumar,ananya.kumar3777@outlook.com
Avni Malhotra,avni.malhotra4989@gmail.com
Riya Kumar,riya.kumar1839@gmail.com
Sai Malhotra,sai.malhotra8562@gmail.com
Myra Singh,myra.singh8972@gmail.com
Ishaan Bansal,ishaan.bansal8185@gmail.com
Aditya Gupta,aditya.gupta8904@outlook.com
Myra Sharma,myra.sharma7668@example.com
Diya Mehta,diya.mehta2040@outlook.com
Kiara Malhotra,kiara.malhotra4786@gmail.com
Ishaan Mehta,ishaan.mehta1880@yahoo.com
Kiara Mehta,kiara.mehta103@gmail.com
Vihaan Verma,vihaan.verma1935@yahoo.com
Sai Mehta,sai.mehta6044@yahoo.com
Kiara Singh,kiara.singh6725@example.com
Sara Agarwal,sara.agarwal121@yahoo.com
Vihaan Bansal,vihaan.bansal9504@yahoo.com
Ishaan Malhotra,ishaan.malhotra4530@outlook.com
Reyansh Malhotra,reyansh.malhotra4846@yahoo.com
Myra Singh,myra.singh3543@gmail.com
Krishna Kumar,krishna.kumar5875@gmail.com
Riya Agarwal,riya.agarwal7778@example.com
Myra Verma,myra.verma2919@example.com
Reyansh Bansal,reyansh.bansal144@gmail.com
Myra Bansal,myra.bansal5305@yahoo.com
Ishaan Bansal,ishaan.bansal4439@gmail.com
Ayaan Verma,ayaan.verma7750@gmail.com
Aadhya Malhotra,aadhya.malhotra3164@example.com
Krishna Bansal,krishna.bansal8430@outlook.com
Ayaan Gupta,ayaan.gupta3981@yahoo.com
Diya Agarwal,diya.agarwal2957@example.com
Sara Jain,sara.jain8099@outlook.com
Sai Mehta,sai.mehta4713@gmail.com
Avni Jain,avni.jain8783@yahoo.com
Sai Agarwal,sai.agarwal2399@outlook.com
Aditya Agarwal,aditya.agarwal8956@outlook.com
Reyansh Gupta,reyansh.gupta9707@outlook.com
Ira Jain,ira.jain6243@yahoo.com
Myra Jain,myra.jain4200@gmail.com
Aadhya Mehta,aadhya.mehta7294@yahoo.com
Arjun Agarwal,arjun.agarwal2046@example.com
Ananya Singh,ananya.singh2223@yahoo.com
Aditya Bansal,aditya.bansal4054@example.com
Kiara Kumar,kiara.kumar6886@example.com
Myra Jain,myra.jain9082@outlook.com
Aditya Mehta,aditya.mehta8610@outlook.com
Ananya Jain,ananya.jain1124@outlook.com
Aarohi Verma,aarohi.verma2250@gmail.com
Krishna Kumar,krishna.kumar7822@yahoo.com
Aarohi Verma,aarohi.verma8441@example.com
Ananya Singh,ananya.singh1014@example.com
Aarohi Malhotra,aarohi.malhotra7985@yahoo.com
Krishna Singh,krishna.singh9210@outlook.com
Riya Verma,riya.verma1835@outlook.com
Avni Sharma,avni.sharma8282@example.com
Krishna Verma,krishna.verma173@outlook.com
Sara Malhotra,sara.malhotra8034@outlook.com
Ishaan Singh,ishaan.singh554@gmail.com
Ananya Agarwal,ananya.agarwal8959@gmail.com
Riya Malhotra,riya.malhotra8132@yahoo.com
Arjun Mehta,arjun.mehta2956@outlook.com
Avni Verma,avni.verma5286@yahoo.com
Reyansh Verma,reyansh.verma8776@gmail.com
Vihaan Jain,vihaan.jain2732@yahoo.com
Kiara Jain,kiara.jain288@outlook.com
Avni Jain,avni.jain9883@gmail.com
Krishna Gupta,krishna.gupta5803@gmail.com
Diya Bansal,diya.bansal373@gmail.com
Diya Malhotra,diya.malhotra2277@example.com
Reyansh Singh,reyansh.singh3301@example.com
Diya Kumar,diya.kumar6642@example.com
Aadhya Kumar,aadhya.kumar6132@gmail.com
Diya Agarwal,diya.agarwal8489@gmail.com
Kiara Malhotra,kiara.malhotra5874@outlook.com
Ishaan Singh,ishaan.singh4435@example.com
Sara Verma,sara.verma4768@gmail.com
Reyansh Agarwal,reyansh.agarwal7453@example.com
Aarav Gupta,aarav.gupta9981@example.com
Ira Singh,ira.singh2672@outlook.com
Myra Malhotra,myra.malhotra842@outlook.com
Ishaan Mehta,ishaan.mehta736@example.com
Kiara Mehta,kiara.mehta852@gmail.com
Ayaan Singh,ayaan.singh8179@example.com
Ishaan Agarwal,ishaan.agarwal5016@gmail.com
Vivaan Malhotra,vivaan.malhotra1533@outlook.com
Myra Gupta,myra.gupta8333@yahoo.com
Aditya Malhotra,aditya.malhotra2232@yahoo.com
Vihaan Singh,vihaan.singh2909@example.com
Vihaan Gupta,vihaan.gupta1214@gmail.com
Reyansh Malhotra,reyansh.malhotra1809@yahoo.com
Myra Kumar,myra.kumar6906@outlook.com
Aarav Bansal,aarav.bansal6724@gmail.com
Aarav Agarwal,aarav.agarwal4380@example.com
Aadhya Agarwal,aadhya.agarwal7615@gmail.com
Reyansh Gupta,reyansh.gupta767@example.com
Ira Sharma,ira.sharma6053@yahoo.com
Ira Mehta,ira.mehta6834@yahoo.com
Krishna Malhotra,krishna.malhotra2523@outlook.com
Aadhya Jain,aadhya.jain5459@yahoo.com
Aarav Sharma,aarav.sharma4440@yahoo.com
Vivaan Bansal,vivaan.bansal5631@outlook.com
Riya Malhotra,riya.malhotra2292@outlook.com
Riya Mehta,riya.mehta5581@outlook.com
Ayaan Mehta,ayaan.mehta3552@example.com
Avni Sharma,avni.sharma3454@outlook.com
Vivaan Kumar,vivaan.kumar3683@outlook.com
Myra Verma,myra.verma5083@yahoo.com
Kiara Mehta,kiara.mehta6778@example.com
Vivaan Bansal,vivaan.bansal7157@yahoo.com
Vivaan Sharma,vivaan.sharma7022@gmail.com
Kiara Verma,kiara.verma7146@gmail.com
Arjun Kumar,arjun.kumar7396@outlook.com
Krishna Gupta,krishna.gupta8756@yahoo.com
Arjun Sharma,arjun.sharma2671@example.com
Diya Jain,diya.jain2238@outlook.com
Myra Malhotra,myra.malhotra2385@yahoo.com
Arjun Singh,arjun.singh3561@gmail.com
Aarav Jain,aarav.jain2179@outlook.com
Ira Malhotra,ira.malhotra3380@gmail.com
Ayaan Bansal,ayaan.bansal7352@example.com
Aarohi Sharma,aarohi.sharma4385@yahoo.com
Aarav Verma,aarav.verma7586@example.com
Kiara Agarwal,kiara.agarwal2155@yahoo.com
Diya Kumar,diya.kumar8824@yahoo.com
Myra Jain,myra.jain2647@gmail.com
Ira Gupta,ira.gupta7070@yahoo.com
Aditya Jain,aditya.jain984@outlook.com
Reyansh Mehta,reyansh.mehta6615@example.com
Aadhya Kumar,aadhya.kumar4903@yahoo.com
Avni Agarwal,avni.agarwal9326@example.com
Diya Malhotra,diya.malhotra2321@gmail.com
Ayaan Malhotra,ayaan.malhotra9628@gmail.com
Ananya Bansal,ananya.bansal3952@outlook.com
Aadhya Bansal,aadhya.bansal7687@yahoo.com
Aadhya Jain,aadhya.jain1727@gmail.com
Vihaan Sharma,vihaan.sharma3828@gmail.com
Sara Singh,sara.singh979@yahoo.com
Reyansh Kumar,reyansh.kumar6405@yahoo.com
Reyansh Jain,reyansh.jain8894@outlook.com
Myra Singh,myra.singh5445@example.com
Sai Gupta,sai.gupta8424@yahoo.com
Diya Mehta,diya.mehta5324@yahoo.com
Vivaan Kumar,vivaan.kumar5943@gmail.com
Aditya Malhotra,aditya.malhotra3694@gmail.com
Aarav Jain,aarav.jain4828@yahoo.com
Diya Mehta,diya.mehta3681@gmail.com
Krishna Sharma,krishna.sharma7129@gmail.com
Reyansh Bansal,reyansh.bansal2951@yahoo.com
Aarohi Mehta,aarohi.mehta4683@yahoo.com
Vivaan Mehta,vivaan.mehta4521@gmail.com
Ishaan Agarwal,ishaan.agarwal6558@yahoo.com
Vivaan Jain,vivaan.jain2246@outlook.com
Kiara Kumar,kiara.kumar9825@gmail.com
Aadhya Agarwal,aadhya.agarwal4703@example.com
Riya Malhotra,riya.malhotra8882@yahoo.com
Aadhya Jain,aadhya.jain7415@gmail.com
Riya Jain,riya.jain7046@outlook.com
Ayaan Malhotra,ayaan.malhotra7209@gmail.com
Reyansh Mehta,reyansh.mehta1044@example.com
Kiara Agarwal,kiara.agarwal7186@gmail.com
Ira Agarwal,ira.agarwal5569@outlook.com
Reyansh Jain,reyansh.jain4267@yahoo.com
Reyansh Mehta,reyansh.mehta3762@gmail.com
Vihaan Mehta,vihaan.mehta9343@gmail.com
Aarav Bansal,aarav.bansal6170@example.com
Vihaan Gupta,vihaan.gupta4443@example.com
Aditya Gupta,aditya.gupta6515@example.com
Vihaan Gupta,vihaan.gupta411@yahoo.com
Ishaan Mehta,ishaan.mehta2078@outlook.com
Reyansh Singh,reyansh.singh497@outlook.com
Ishaan Verma,ishaan.verma558@yahoo.com
Myra Jain,myra.jain6848@outlook.com
Ananya Sharma,ananya.sharma6567@gmail.com
Aadhya Verma,aadhya.verma7883@yahoo.com
Aditya Malhotra,aditya.malhotra2266@yahoo.com
Riya Sharma,riya.sharma2126@yahoo.com
Arjun Gupta,arjun.gupta2456@outlook.com
Ira Malhotra,ira.malhotra5888@gmail.com
Reyansh Verma,reyansh.verma2171@example.com
Ira Agarwal,ira.agarwal1726@yahoo.com
Ananya Jain,ananya.jain3294@yahoo.com
Ayaan Sharma,ayaan.sharma1598@outlook.com
Myra Agarwal,myra.agarwal6450@example.com
Ananya Bansal,ananya.bansal4475@gmail.com
Reyansh Agarwal,reyansh.agarwal6483@example.com
Ishaan Jain,ishaan.jain6182@gmail.com
Aarohi Gupta,aarohi.gupta5496@outlook.com
Aadhya Mehta,aadhya.mehta4427@gmail.com
Vihaan Singh,vihaan.singh289@example.com
Ayaan Agarwal,ayaan.agarwal6533@gmail.com
Aditya Verma,aditya.verma2518@gmail.com
Vivaan Agarwal,vivaan.agarwal9242@example.com
Kiara Bansal,kiara.bansal8284@yahoo.com
Sai Singh,sai.singh3877@outlook.com
Sai Gupta,sai.gupta5015@example.com
Aarav Mehta,aarav.mehta9450@outlook.com
Vihaan Malhotra,vihaan.malhotra8700@gmail.com
Ishaan Mehta,ishaan.mehta6131@gmail.com
Aadhya Malhotra,aadhya.malhotra7163@yahoo.com
Ira Gupta,ira.gupta2487@gmail.com
Aarohi Sharma,aarohi.sharma6711@example.com
Vivaan Gupta,vivaan.gupta5138@yahoo.com
Sara Singh,sara.singh9304@gmail.com
Aadhya Verma,aadhya.verma905@yahoo.com
Sara Verma,sara.verma6496@outlook.com
Aarav Agarwal,aarav.agarwal5508@yahoo.com
Avni Jain,avni.jain8632@outlook.com
Aarohi Verma,aarohi.verma9082@example.com
Vihaan Jain,vihaan.jain9553@yahoo.com
Aditya Sharma,aditya.sharma5166@outlook.com
Aadhya Malhotra,aadhya.malhotra5201@example.com
Aadhya Singh,aadhya.singh3183@example.com
Ayaan Malhotra,ayaan.malhotra6591@gmail.com
Kiara Malhotra,kiara.malhotra6548@gmail.com
Kiara Mehta,kiara.mehta7298@yahoo.com
Aarohi Gupta,aarohi.gupta5413@example.com
Avni Agarwal,avni.agarwal1390@outlook.com
Myra Malhotra,myra.malhotra8760@gmail.com
Ishaan Malhotra,ishaan.malhotra7554@example.com
Sai Agarwal,sai.agarwal757@gmail.com
Sai Malhotra,sai.malhotra173@example.com
Aditya Mehta,aditya.mehta2185@example.com
Aditya Sharma,aditya.sharma5995@gmail.com
Diya Mehta,diya.mehta7615@outlook.com
Reyansh Mehta,reyansh.mehta2711@outlook.com
Ira Gupta,ira.gupta2476@gmail.com
Ishaan Singh,ishaan.singh261@example.com
Krishna Kumar,krishna.kumar7073@outlook.com
Diya Gupta,diya.gupta5045@gmail.com
Ishaan Singh,ishaan.singh2677@gmail.com
Ayaan Jain,ayaan.jain8470@example.com
Aadhya Verma,aadhya.verma6527@example.com
Riya Jain,riya.jain4198@outlook.com
Reyansh Bansal,reyansh.bansal2730@yahoo.com
Aadhya Mehta,aadhya.mehta5523@outlook.com
Sai Singh,sai.singh5445@example.com
Aarohi Agarwal,aarohi.agarwal3596@example.com
Aditya Malhotra,aditya.malhotra5893@example.com
Diya Jain,diya.jain3810@yahoo.com
Aadhya Singh,aadhya.singh5235@example.com
Arjun Verma,arjun.verma4962@outlook.com
Sai Malhotra,sai.malhotra1520@example.com
Vivaan Sharma,vivaan.sharma5406@gmail.com
Krishna Verma,krishna.verma9392@yahoo.com
Kiara Bansal,kiara.bansal5604@yahoo.com
Krishna Jain,krishna.jain3307@example.com
Ira Jain,ira.jain2265@example.com
Reyansh Jain,reyansh.jain6509@yahoo.com
Aarav Agarwal,aarav.agarwal4840@outlook.com
Vivaan Kumar,vivaan.kumar5913@example.com
Ayaan Bansal,ayaan.bansal1372@gmail.com
Vihaan Sharma,vihaan.sharma4390@gmail.com
Myra Gupta,myra.gupta5311@outlook.com
Vihaan Sharma,vihaan.sharma6785@outlook.com
Sara Jain,sara.jain2924@yahoo.com
Avni Kumar,avni.kumar8981@gmail.com
Aarav Malhotra,aarav.malhotra359@gmail.com
Aadhya Verma,aadhya.verma5579@outlook.com
Reyansh Bansal,reyansh.bansal6249@example.com
Vivaan Verma,vivaan.verma4082@outlook.com
Sai Jain,sai.jain6509@yahoo.com
Ananya Jain,ananya.jain3209@gmail.com
Kiara Kumar,kiara.kumar5620@yahoo.com
Riya Bansal,riya.bansal2151@gmail.com
Reyansh Jain,reyansh.jain1720@example.com
Myra Kumar,myra.kumar8627@outlook.com
Sai Singh,sai.singh6323@gmail.com
Aarav Singh,aarav.singh2467@gmail.com
Avni Verma,avni.verma5952@yahoo.com
Ayaan Sharma,ayaan.sharma8138@example.com
Krishna Mehta,krishna.mehta699@gmail.com
Sai Mehta,sai.mehta5295@gmail.com
Arjun Singh,arjun.singh9265@gmail.com
Aadhya Gupta,aadhya.gupta896@yahoo.com
Aarav Sharma,aarav.sharma525@outlook.com
Aadhya Verma,aadhya.verma9776@outlook.com
Krishna Sharma,krishna.sharma7804@outlook.com
Aditya Mehta,aditya.mehta2643@yahoo.com
Kiara Malhotra,kiara.malhotra22@example.com
Myra Bansal,myra.bansal4279@yahoo.com
Diya Verma,diya.verma8396@outlook.com
Aarohi Malhotra,aarohi.malhotra7559@yahoo.com
Ayaan Mehta,ayaan.mehta7617@gmail.com
Sai Sharma,sai.sharma7667@yahoo.com
Reyansh Agarwal,reyansh.agarwal6436@yahoo.com
Sai Mehta,sai.mehta990@outlook.com
Sai Jain,sai.jain5104@gmail.com
Avni Sharma,avni.sharma9120@gmail.com
Vivaan Gupta,vivaan.gupta8377@gmail.com
Reyansh Kumar,reyansh.kumar8331@yahoo.com
Reyansh Singh,reyansh.singh5916@example.com
Arjun Singh,arjun.singh1770@outlook.com
Vihaan Mehta,vihaan.mehta688@example.com
Ira Gupta,ira.gupta1725@gmail.com
Aadhya Malhotra,aadhya.malhotra5013@outlook.com
Riya Agarwal,riya.agarwal6727@gmail.com
Myra Jain,myra.jain5876@outlook.com
Aditya Jain,aditya.jain4806@outlook.com
Krishna Gupta,krishna.gupta6517@outlook.com
Kiara Gupta,kiara.gupta2561@outlook.com
Krishna Jain,krishna.jain8849@yahoo.com
Ishaan Bansal,ishaan.bansal2380@example.com
Arjun Mehta,arjun.mehta9777@yahoo.com
Aditya Mehta,aditya.mehta5722@outlook.com
Sai Gupta,sai.gupta6435@outlook.com
Sai Bansal,sai.bansal8160@gmail.com
Ayaan Jain,ayaan.jain3033@gmail.com
Arjun Gupta,arjun.gupta8286@gmail.com
Vivaan Mehta,vivaan.mehta508@outlook.com
Aarav Verma,aarav.verma4038@outlook.com
Aditya Verma,aditya.verma8036@gmail.com
Myra Sharma,myra.sharma9658@outlook.com
Vihaan Sharma,vihaan.sharma5621@example.com
Vivaan Mehta,vivaan.mehta7213@example.com
Ishaan Agarwal,ishaan.agarwal7129@example.com
Sara Mehta,sara.mehta1243@gmail.com
Ira Sharma,ira.sharma6400@yahoo.com
Aarohi Jain,aarohi.jain5679@gmail.com
Diya Singh,diya.singh5356@example.com
Reyansh Kumar,reyansh.kumar4332@gmail.com
Aadhya Agarwal,aadhya.agarwal6268@yahoo.com
Diya Singh,diya.singh7998@example.com
Vihaan Jain,vihaan.jain113@example.com
Sai Singh,sai.singh450@outlook.com
Ira Jain,ira.jain1599@gmail.com
Aditya Agarwal,aditya.agarwal7269@gmail.com
Kiara Bansal,kiara.bansal7474@outlook.com
Sai Singh,sai.singh8883@yahoo.com
Avni Verma,avni.verma9744@yahoo.com
Sai Sharma,sai.sharma1253@example.com
Diya Mehta,diya.mehta1714@outlook.com
Aditya Singh,aditya.singh5030@example.com
Sai Verma,sai.verma3741@outlook.com
Vihaan Kumar,vihaan.kumar3922@outlook.com
Ishaan Singh,ishaan.singh8491@yahoo.com
Avni Verma,avni.verma31@gmail.com
Aditya Bansal,aditya.bansal4452@gmail.com
Krishna Sharma,krishna.sharma7324@example.com
Myra Malhotra,myra.malhotra2749@gmail.com
Vihaan Singh,vihaan.singh6748@yahoo.com
Aadhya Bansal,aadhya.bansal2116@example.com
Kiara Jain,kiara.jain4860@example.com
Ayaan Gupta,ayaan.gupta2186@example.com
Aarav Sharma,aarav.sharma9195@yahoo.com
Ira Jain,ira.jain9817@example.com
Aarav Gupta,aarav.gupta4012@gmail.com
Vivaan Agarwal,vivaan.agarwal1611@gmail.com
Sai Kumar,sai.kumar3910@gmail.com
Sara Bansal,sara.bansal6263@example.com
Aditya Verma,aditya.verma9730@yahoo.com
Vihaan Agarwal,vihaan.agarwal7014@gmail.com
Kiara Kumar,kiara.kumar5854@example.com
Ira Malhotra,ira.malhotra3882@yahoo.com
Vihaan Singh,vihaan.singh4641@example.com
Sai Malhotra,sai.malhotra7635@yahoo.com
Krishna Malhotra,krishna.malhotra2626@example.com
Vihaan Agarwal,vihaan.agarwal3820@gmail.com
Ananya Mehta,ananya.mehta8586@gmail.com
Arjun Bansal,arjun.bansal5697@example.com
Arjun Verma,arjun.verma2532@yahoo.com
Krishna Sharma,krishna.sharma3905@example.com
Arjun Mehta,arjun.mehta7908@outlook.com
Myra Sharma,myra.sharma116@outlook.com
Myra Jain,myra.jain2240@yahoo.com
Avni Singh,avni.singh1268@example.com
Ishaan Singh,ishaan.singh8987@gmail.com
Vivaan Malhotra,vivaan.malhotra5718@yahoo.com
Ira Mehta,ira.mehta942@outlook.com
Ira Verma,ira.verma5997@example.com
Ishaan Gupta,ishaan.gupta9569@example.com
Sara Jain,sara.jain8205@outlook.com
Aditya Gupta,aditya.gupta6765@yahoo.com
Aditya Gupta,aditya.gupta499@outlook.com
Vihaan Sharma,vihaan.sharma6650@gmail.com
Reyansh Singh,reyansh.singh8996@yahoo.com
Diya Bansal,diya.bansal7407@yahoo.com
Reyansh Gupta,reyansh.gupta722@yahoo.com
Aarav Gupta,aarav.gupta4304@example.com
Reyansh Singh,reyansh.singh4061@outlook.com
Aarohi Mehta,aarohi.mehta8406@gmail.com
Diya Bansal,diya.bansal6083@gmail.com
Arjun Kumar,arjun.kumar9594@outlook.com
Aditya Verma,aditya.verma5813@outlook.com
Riya Mehta,riya.mehta949@outlook.com
Diya Sharma,diya.sharma4637@gmail.com
Arjun Sharma,arjun.sharma4843@example.com
Sai Sharma,sai.sharma7871@example.com
Vihaan Sharma,vihaan.sharma9998@example.com
Aarav Agarwal,aarav.agarwal3036@yahoo.com
Diya Mehta,diya.mehta316@example.com
Kiara Bansal,kiara.bansal1224@gmail.com
Aadhya Kumar,aadhya.kumar9359@gmail.com
Arjun Verma,arjun.verma1517@outlook.com
Arjun Sharma,arjun.sharma9990@gmail.com
Aadhya Jain,aadhya.jain5482@yahoo.com
Reyansh Gupta,reyansh.gupta6018@outlook.com
Sai Verma,sai.verma1875@outlook.com
Aadhya Kumar,aadhya.kumar4519@gmail.com
Aarav Gupta,aarav.gupta9260@yahoo.com
Reyansh Mehta,reyansh.mehta8597@gmail.com
Myra Agarwal,myra.agarwal4995@yahoo.com
Aarohi Gupta,aarohi.gupta8087@yahoo.com
Ishaan Gupta,ishaan.gupta6504@yahoo.com
Arjun Sharma,arjun.sharma420@outlook.com
Riya Verma,riya.verma7889@outlook.com
Sara Kumar,sara.kumar7434@yahoo.com
Sara Sharma,sara.sharma1436@yahoo.com
Vivaan Mehta,vivaan.mehta5591@outlook.com
Aditya Malhotra,aditya.malhotra6227@outlook.com
Ira Jain,ira.jain2405@example.com
Kiara Sharma,kiara.sharma7530@example.com
Sai Agarwal,sai.agarwal4660@example.com
Reyansh Mehta,reyansh.mehta4955@example.com
Myra Agarwal,myra.agarwal8019@outlook.com
Riya Jain,riya.jain9657@outlook.com
Myra Jain,myra.jain1221@example.com
Reyansh Singh,reyansh.singh2622@outlook.com
Ira Singh,ira.singh5409@yahoo.com
Sai Agarwal,sai.agarwal7841@outlook.com
Krishna Jain,krishna.jain6207@outlook.com
Aarav Gupta,aarav.gupta154@gmail.com
Aadhya Verma,aadhya.verma6289@yahoo.com
Aarav Jain,aarav.jain2545@example.com
Myra Singh,myra.singh6169@yahoo.com
Aarav Kumar,aarav.kumar5130@yahoo.com
Sara Mehta,sara.mehta9257@yahoo.com
Ira Kumar,ira.kumar3565@yahoo.com
Vihaan Jain,vihaan.jain4251@yahoo.com
Sai Jain,sai.jain5771@example.com
Aarohi Singh,aarohi.singh3911@outlook.com
Aditya Jain,aditya.jain2581@example.com
Myra Agarwal,myra.agarwal4118@yahoo.com
Ira Singh,ira.singh7586@yahoo.com
Myra Verma,myra.verma3475@yahoo.com
Ananya Jain,ananya.jain5257@yahoo.com
Ayaan Gupta,ayaan.gupta6714@yahoo.com
Kiara Malhotra,kiara.malhotra7242@yahoo.com
Aditya Verma,aditya.verma4602@yahoo.com
Krishna Singh,krishna.singh7391@yahoo.com
Aarav Verma,aarav.verma9839@gmail.com
Riya Mehta,riya.mehta9332@example.com
Vihaan Kumar,vihaan.kumar3754@yahoo.com
Aditya Agarwal,aditya.agarwal194@outlook.com
Aadhya Agarwal,aadhya.agarwal2860@example.com
Ayaan Singh,ayaan.singh7009@example.com
Sara Gupta,sara.gupta7308@example.com
Aarohi Bansal,aarohi.bansal3572@yahoo.com
Aarohi Singh,aarohi.singh8540@gmail.com
Kiara Singh,kiara.singh1951@yahoo.com
Krishna Agarwal,krishna.agarwal1053@outlook.com
Ayaan Verma,ayaan.verma8758@gmail.com
Ananya Sharma,ananya.sharma4715@gmail.com
Arjun Singh,arjun.singh3029@yahoo.com
Sai Verma,sai.verma2899@gmail.com
Reyansh Malhotra,reyansh.malhotra8947@example.com
Aditya Verma,aditya.verma9491@yahoo.com
Diya Singh,diya.singh152@example.com
Aadhya Bansal,aadhya.bansal8636@yahoo.com
Diya Bansal,diya.bansal9126@gmail.com
Avni Sharma,avni.sharma3728@yahoo.com
Sara Kumar,sara.kumar228@outlook.com
Riya Kumar,riya.kumar3381@example.com
Reyansh Jain,reyansh.jain7328@gmail.com
Reyansh Mehta,reyansh.mehta1735@outlook.com
Avni Mehta,avni.mehta4973@outlook.com
Ira Verma,ira.verma1623@yahoo.com
Reyansh Sharma,reyansh.sharma2822@yahoo.com
Ayaan Malhotra,ayaan.malhotra3726@yahoo.com
Aarohi Sharma,aarohi.sharma1391@example.com
Riya Mehta,riya.mehta3858@outlook.com
Myra Verma,myra.verma2432@gmail.com
Riya Kumar,riya.kumar3368@gmail.com
Sara Gupta,sara.gupta9173@outlook.com
Riya Jain,riya.jain9432@yahoo.com
Aarohi Gupta,aarohi.gupta7912@outlook.com
Ananya Sharma,ananya.sharma8166@example.com
Arjun Jain,arjun.jain4474@example.com
Riya Bansal,riya.bansal9765@gmail.com
Myra Jain,myra.jain3760@gmail.com
Sara Kumar,sara.kumar2577@yahoo.com
Aarohi Verma,aarohi.verma6432@gmail.com
Aarav Jain,aarav.jain2870@outlook.com
Reyansh Kumar,reyansh.kumar1996@gmail.com
Aarav Sharma,aarav.sharma3649@outlook.com
Sai Singh,sai.singh5486@gmail.com
Sai Kumar,sai.kumar7812@outlook.com
Vivaan Singh,vivaan.singh2094@gmail.com
Kiara Mehta,kiara.mehta7329@gmail.com
Ananya Malhotra,ananya.malhotra9581@yahoo.com
Riya Kumar,riya.kumar5437@gmail.com
Krishna Singh,krishna.singh8333@example.com
Ira Sharma,ira.sharma9890@gmail.com
Ishaan Sharma,ishaan.sharma6111@outlook.com
Aditya Gupta,aditya.gupta4410@gmail.com
Diya Bansal,diya.bansal2991@outlook.com
Aarohi Malhotra,aarohi.malhotra8661@gmail.com
Avni Gupta,avni.gupta5026@gmail.com
Ishaan Sharma,ishaan.sharma4951@outlook.com
Diya Sharma,diya.sharma5206@yahoo.com
Ira Bansal,ira.bansal6722@yahoo.com
Ayaan Agarwal,ayaan.agarwal8134@gmail.com
Aarohi Agarwal,aarohi.agarwal221@gmail.com
Reyansh Verma,reyansh.verma1223@yahoo.com
Vivaan Verma,vivaan.verma454@outlook.com
Aarohi Malhotra,aarohi.malhotra1951@example.com
Vivaan Gupta,vivaan.gupta2349@gmail.com
Ira Agarwal,ira.agarwal1550@example.com
Krishna Kumar,krishna.kumar4687@outlook.com
Aarav Singh,aarav.singh6531@gmail.com
Krishna Malhotra,krishna.malhotra8606@gmail.com
Ishaan Bansal,ishaan.bansal1445@outlook.com
Ishaan Verma,ishaan.verma617@outlook.com
Krishna Kumar,krishna.kumar4228@example.com
Aarohi Bansal,aarohi.bansal6086@example.com
Aadhya Jain,aadhya.jain7973@gmail.com
Aarav Kumar,aarav.kumar7979@outlook.com
Ira Jain,ira.jain5537@example.com
Aditya Singh,aditya.singh3582@example.com
Aadhya Agarwal,aadhya.agarwal1508@gmail.com
Aditya Bansal,aditya.bansal8660@gmail.com
Kiara Agarwal,kiara.agarwal4293@example.com
Myra Agarwal,myra.agarwal6182@example.com
Riya Bansal,riya.bansal4737@example.com
Sai Sharma,sai.sharma4996@outlook.com
Diya Malhotra,diya.malhotra2293@outlook.com
Aditya Kumar,aditya.kumar6724@example.com
Aadhya Sharma,aadhya.sharma4030@gmail.com
Krishna Jain,krishna.jain4901@outlook.com
Sara Singh,sara.singh3796@yahoo.com
Avni Sharma,avni.sharma1328@gmail.com
Diya Gupta,diya.gupta7855@yahoo.com
Ishaan Bansal,ishaan.bansal3973@example.com
Aarohi Agarwal,aarohi.agarwal4483@example.com
Aadhya Kumar,aadhya.kumar7891@example.com
Aditya Bansal,aditya.bansal9422@example.com
Krishna Verma,krishna.verma782@outlook.com
Ayaan Agarwal,ayaan.agarwal7257@gmail.com
Aditya Verma,aditya.verma5965@yahoo.com
Aadhya Gupta,aadhya.gupta2185@gmail.com
Avni Singh,avni.singh6897@example.com
Sai Malhotra,sai.malhotra8986@outlook.com
Riya Kumar,riya.kumar5051@example.com
Vihaan Verma,vihaan.verma1246@outlook.com
Riya Jain,riya.jain8636@gmail.com
Diya Jain,diya.jain4485@yahoo.com
Riya Mehta,riya.mehta5521@gmail.com
Myra Kumar,myra.kumar9645@yahoo.com
Aarav Verma,aarav.verma551@yahoo.com
Myra Bansal,myra.bansal3364@outlook.com
Myra Mehta,myra.mehta9782@gmail.com
Ira Malhotra,ira.malhotra2320@yahoo.com
Ananya Singh,ananya.singh1106@example.com
Krishna Mehta,krishna.mehta1@yahoo.com
Aditya Mehta,aditya.mehta8892@example.com
Ira Sharma,ira.sharma7490@example.com
Vihaan Kumar,vihaan.kumar4891@yahoo.com
Aadhya Malhotra,aadhya.malhotra690@yahoo.com
Sara Mehta,sara.mehta9151@gmail.com
Sai Agarwal,sai.agarwal6427@gmail.com
Ira Verma,ira.verma524@yahoo.com
Sara Agarwal,sara.agarwal4538@gmail.com
Ayaan Jain,ayaan.jain292@outlook.com
Riya Bansal,riya.bansal4383@outlook.com
Aditya Gupta,aditya.gupta7942@gmail.com
Krishna Sharma,krishna.sharma2809@outlook.com
Aditya Kumar,aditya.kumar2770@outlook.com
Vihaan Bansal,vihaan.bansal3280@example.com
Diya Malhotra,diya.malhotra6714@gmail.com
Ayaan Bansal,ayaan.bansal4009@gmail.com
Aadhya Jain,aadhya.jain547@gmail.com
Aditya Kumar,aditya.kumar3635@yahoo.com
Kiara Kumar,kiara.kumar5504@example.com
Sai Verma,sai.verma7897@yahoo.com
Myra Gupta,myra.gupta854@gmail.com
Vihaan Gupta,vihaan.gupta1935@gmail.com
Sai Mehta,sai.mehta8975@yahoo.com
Sara Gupta,sara.gupta3803@outlook.com
Sara Bansal,sara.bansal7887@yahoo.com
Arjun Kumar,arjun.kumar8669@example.com
Ishaan Gupta,ishaan.gupta7213@example.com
Ira Malhotra,ira.malhotra7217@outlook.com
Reyansh Sharma,reyansh.sharma3025@gmail.com
Ayaan Singh,ayaan.singh5514@gmail.com
Sai Malhotra,sai.malhotra2397@outlook.com
Aadhya Agarwal,aadhya.agarwal3908@yahoo.com
Ishaan Verma,ishaan.verma4916@yahoo.com
Sara Sharma,sara.sharma1797@example.com
Aditya Kumar,aditya.kumar1970@example.com
Vihaan Gupta,vihaan.gupta3240@example.com
Aadhya Verma,aadhya.verma9479@yahoo.com
Diya Bansal,diya.bansal3841@yahoo.com
Ishaan Bansal,ishaan.bansal9840@outlook.com
Aarohi Singh,aarohi.singh6338@gmail.com
Ayaan Verma,ayaan.verma4935@outlook.com
Vivaan Sharma,vivaan.sharma6500@outlook.com
Vivaan Verma,vivaan.verma3168@outlook.com
Vivaan Mehta,vivaan.mehta7202@yahoo.com
Vivaan Gupta,vivaan.gupta5303@example.com
Myra Kumar,myra.kumar8468@example.com
Sara Mehta,sara.mehta6120@example.com
Myra Malhotra,myra.malhotra4769@example.com
Diya Malhotra,diya.malhotra494@gmail.com
Riya Verma,riya.verma9196@outlook.com
Ayaan Bansal,ayaan.bansal3465@example.com
Sara Bansal,sara.bansal5310@example.com
Aadhya Sharma,aadhya.sharma4947@yahoo.com
Aarohi Bansal,aarohi.bansal1520@example.com
Krishna Agarwal,krishna.agarwal5962@outlook.com
Sara Agarwal,sara.agarwal6440@example.com
Aarav Singh,aarav.singh7039@yahoo.com
Ayaan Jain,ayaan.jain2725@gmail.com
Aditya Verma,aditya.verma9888@yahoo.com
Sai Malhotra,sai.malhotra5547@yahoo.com
Aditya Mehta,aditya.mehta2051@gmail.com
Arjun Jain,arjun.jain1349@gmail.com
Avni Singh,avni.singh8840@yahoo.com
Reyansh Malhotra,reyansh.malhotra6087@gmail.com
Aadhya Malhotra,aadhya.malhotra9072@yahoo.com
Reyansh Sharma,reyansh.sharma9412@yahoo.com
Riya Kumar,riya.kumar458@example.com
Diya Mehta,diya.mehta1327@example.com
Ananya Verma,ananya.verma3481@example.com
Kiara Singh,kiara.singh5970@example.com
Aarav Mehta,aarav.mehta9460@outlook.com
Ishaan Jain,ishaan.jain3566@outlook.com
Aditya Sharma,aditya.sharma8393@example.com
Kiara Agarwal,kiara.agarwal7478@outlook.com
Aarohi Singh,aarohi.singh4816@yahoo.com
Riya Jain,riya.jain7265@yahoo.com
Ishaan Kumar,ishaan.kumar6805@gmail.com
Myra Bansal,myra.bansal6808@yahoo.com
Vivaan Malhotra,vivaan.malhotra5227@yahoo.com
Myra Mehta,myra.mehta116@yahoo.com
Riya Gupta,riya.gupta5827@yahoo.com
Sai Gupta,sai.gupta9143@yahoo.com
Sara Sharma,sara.sharma8084@gmail.com
Sara Agarwal,sara.agarwal4576@yahoo.com
Vivaan Singh,vivaan.singh6628@yahoo.com
Sai Bansal,sai.bansal7163@outlook.com
Riya Verma,riya.verma7925@yahoo.com
Reyansh Kumar,reyansh.kumar2798@outlook.com
Avni Singh,avni.singh1873@outlook.com
Ira Mehta,ira.mehta1329@outlook.com
Riya Kumar,riya.kumar7606@outlook.com
Sai Mehta,sai.mehta5694@gmail.com
Aarav Gupta,aarav.gupta631@outlook.com
Ishaan Mehta,ishaan.mehta8401@outlook.com
Vivaan Bansal,vivaan.bansal6733@outlook.com
Diya Bansal,diya.bansal4255@yahoo.com
Aditya Jain,aditya.jain6658@gmail.com
Aditya Agarwal,aditya.agarwal1011@gmail.com
Ayaan Kumar,ayaan.kumar4175@outlook.com
Sara Jain,sara.jain7507@example.com
Reyansh Verma,reyansh.verma647@example.com
Diya Bansal,diya.bansal9831@example.com
Krishna Gupta,krishna.gupta1987@yahoo.com
Sara Bansal,sara.bansal4681@gmail.com
Kiara Kumar,kiara.kumar8968@outlook.com
Aarohi Malhotra,aarohi.malhotra7576@example.com
Avni Gupta,avni.gupta5092@outlook.com
Vivaan Jain,vivaan.jain2468@yahoo.com
Aditya Jain,aditya.jain4706@yahoo.com
Aarav Jain,aarav.jain4659@outlook.com
Arjun Bansal,arjun.bansal4242@yahoo.com
Aarohi Gupta,aarohi.gupta3338@gmail.com
Aarohi Gupta,aarohi.gupta4172@yahoo.com
Aditya Malhotra,aditya.malhotra6126@example.com
Avni Agarwal,avni.agarwal6200@yahoo.com
Reyansh Jain,reyansh.jain9639@gmail.com
Sara Sharma,sara.sharma7363@example.com
Kiara Gupta,kiara.gupta8280@gmail.com
Ishaan Jain,ishaan.jain3712@gmail.com
Ishaan Mehta,ishaan.mehta3252@example.com
Arjun Jain,arjun.jain1890@outlook.com
Diya Agarwal,diya.agarwal3009@gmail.com
Aditya Sharma,aditya.sharma4722@outlook.com
Sara Jain,sara.jain3744@example.com
Krishna Singh,krishna.singh1875@outlook.com
Myra Verma,myra.verma6145@yahoo.com
Ananya Kumar,ananya.kumar7913@gmail.com
Myra Agarwal,myra.agarwal3855@example.com
Aarohi Gupta,aarohi.gupta7395@example.com
Ishaan Gupta,ishaan.gupta177@outlook.com
Ananya Singh,ananya.singh5412@outlook.com
Ira Jain,ira.jain4944@yahoo.com
Ayaan Kumar,ayaan.kumar4964@gmail.com
Vihaan Kumar,vihaan.kumar912@yahoo.com
Ishaan Malhotra,ishaan.malhotra5415@example.com
Krishna Kumar,krishna.kumar8852@yahoo.com
Krishna Singh,krishna.singh7178@example.com
Reyansh Gupta,reyansh.gupta2927@example.com
Ishaan Bansal,ishaan.bansal4043@outlook.com
Aarohi Agarwal,aarohi.agarwal1593@gmail.com
Vihaan Malhotra,vihaan.malhotra5977@example.com
Aditya Gupta,aditya.gupta1120@outlook.com
Vihaan Kumar,vihaan.kumar8140@yahoo.com
Riya Gupta,riya.gupta894@gmail.com
Ananya Singh,ananya.singh9911@outlook.com
Vivaan Bansal,vivaan.bansal4581@gmail.com
Sai Bansal,sai.bansal8051@yahoo.com
Diya Sharma,diya.sharma5404@example.com
Aditya Bansal,aditya.bansal7338@gmail.com
Aarav Bansal,aarav.bansal7875@yahoo.com
Myra Singh,myra.singh9006@gmail.com
Vihaan Gupta,vihaan.gupta2504@example.com
Sara Sharma,sara.sharma8927@gmail.com
Aarav Jain,aarav.jain6499@outlook.com
Avni Verma,avni.verma5663@gmail.com
Vivaan Mehta,vivaan.mehta3361@example.com
Avni Sharma,avni.sharma9534@yahoo.com
Avni Sharma,avni.sharma1106@outlook.com
Ananya Bansal,ananya.bansal5023@yahoo.com
Aditya Mehta,aditya.mehta1803@yahoo.com
Riya Bansal,riya.bansal1088@outlook.com
Sai Sharma,sai.sharma4434@outlook.com
Krishna Singh,krishna.singh971@outlook.com
Ayaan Agarwal,ayaan.agarwal4480@example.com
Sara Agarwal,sara.agarwal3705@outlook.com
Riya Mehta,riya.mehta824@example.com
Ishaan Agarwal,ishaan.agarwal6599@yahoo.com
Aarav Agarwal,aarav.agarwal4855@yahoo.com
Arjun Gupta,arjun.gupta9941@outlook.com
Sai Bansal,sai.bansal1363@example.com
Vihaan Verma,vihaan.verma8100@yahoo.com
Arjun Agarwal,arjun.agarwal9910@outlook.com
Ayaan Singh,ayaan.singh5690@gmail.com
Reyansh Agarwal,reyansh.agarwal3691@outlook.com
Krishna Bansal,krishna.bansal7003@yahoo.com
Aarohi Jain,aarohi.jain8398@gmail.com
Ananya Malhotra,ananya.malhotra386@example.com
Sai Bansal,sai.bansal4951@example.com
Kiara Verma,kiara.verma6467@outlook.com
Kiara Agarwal,kiara.agarwal7222@outlook.com
Avni Agarwal,avni.agarwal4792@yahoo.com
Arjun Sharma,arjun.sharma3353@yahoo.com
Myra Agarwal,myra.agarwal1713@gmail.com
Aarohi Sharma,aarohi.sharma1752@gmail.com
Ira Agarwal,ira.agarwal8539@outlook.com
Ira Verma,ira.verma6169@yahoo.com
Sara Gupta,sara.gupta6109@gmail.com
Myra Singh,myra.singh6560@example.com
Reyansh Mehta,reyansh.mehta1606@yahoo.com
Ayaan Gupta,ayaan.gupta3597@yahoo.com
Myra Bansal,myra.bansal303@example.com
Ananya Singh,ananya.singh8534@example.com
Vihaan Bansal,vihaan.bansal8253@outlook.com
Sara Verma,sara.verma2171@outlook.com
Ishaan Singh,ishaan.singh3442@yahoo.com
Aadhya Mehta,aadhya.mehta8803@example.com
Riya Agarwal,riya.agarwal2153@example.com
Diya Verma,diya.verma8243@outlook.com
Arjun Jain,arjun.jain6431@gmail.com
Aadhya Gupta,aadhya.gupta2286@gmail.com
Riya Verma,riya.verma847@gmail.com
Aadhya Agarwal,aadhya.agarwal8157@example.com
Kiara Jain,kiara.jain7164@example.com
Aarav Verma,aarav.verma1659@yahoo.com
Vivaan Bansal,vivaan.bansal7361@outlook.com
Ira Malhotra,ira.malhotra2704@gmail.com
Ayaan Mehta,ayaan.mehta6030@outlook.com
Sai Malhotra,sai.malhotra5327@outlook.com
Ananya Agarwal,ananya.agarwal6803@yahoo.com
Kiara Verma,kiara.verma8224@outlook.com
Aarav Jain,aarav.jain5216@example.com
Riya Sharma,riya.sharma5579@yahoo.com
Ananya Jain,ananya.jain8863@yahoo.com
Diya Kumar,diya.kumar5023@example.com
Vihaan Mehta,vihaan.mehta2389@example.com
Myra Bansal,myra.bansal8176@outlook.com
Sai Agarwal,sai.agarwal6398@yahoo.com
Ishaan Kumar,ishaan.kumar8646@example.com
Sai Gupta,sai.gupta501@yahoo.com
Arjun Agarwal,arjun.agarwal942@yahoo.com
Sara Gupta,sara.gupta9400@yahoo.com
Aarohi Malhotra,aarohi.malhotra3743@yahoo.com
Aarohi Mehta,aarohi.mehta6281@gmail.com
Reyansh Bansal,reyansh.bansal4882@example.com
Kiara Jain,kiara.jain5566@gmail.com
Krishna Singh,krishna.singh6772@outlook.com
Reyansh Bansal,reyansh.bansal6299@outlook.com
Vivaan Gupta,vivaan.gupta5832@yahoo.com
Kiara Verma,kiara.verma9046@outlook.com
Aditya Malhotra,aditya.malhotra7006@gmail.com
Ira Sharma,ira.sharma8210@outlook.com
Aarohi Agarwal,aarohi.agarwal2288@outlook.com
Sara Verma,sara.verma1647@outlook.com
Ananya Singh,ananya.singh8395@outlook.com
Sai Agarwal,sai.agarwal7204@example.com
Aarav Mehta,aarav.mehta1109@yahoo.com
Vivaan Mehta,vivaan.mehta5139@yahoo.com
Myra Gupta,myra.gupta5300@gmail.com
Krishna Singh,krishna.singh3359@yahoo.com
Kiara Bansal,kiara.bansal7967@outlook.com
Avni Bansal,avni.bansal1509@gmail.com
Krishna Bansal,krishna.bansal6814@example.com
Myra Jain,myra.jain691@gmail.com
Krishna Verma,krishna.verma2334@gmail.com
Arjun Malhotra,arjun.malhotra5899@outlook.com
Arjun Bansal,arjun.bansal900@example.com
Krishna Bansal,krishna.bansal3896@yahoo.com
Riya Malhotra,riya.malhotra1834@gmail.com
Aarav Kumar,aarav.kumar4632@example.com
Aarav Singh,aarav.singh1222@yahoo.com
Ananya Verma,ananya.verma8472@example.com
Kiara Bansal,kiara.bansal5700@yahoo.com
Arjun Malhotra,arjun.malhotra8447@outlook.com
Krishna Singh,krishna.singh3928@yahoo.com
Ayaan Bansal,ayaan.bansal4598@gmail.com
Krishna Gupta,krishna.gupta8238@yahoo.com
Aarav Gupta,aarav.gupta7466@gmail.com
Ananya Bansal,ananya.bansal6042@example.com
Ishaan Singh,ishaan.singh4676@yahoo.com
Aarav Malhotra,aarav.malhotra3462@outlook.com
Reyansh Kumar,reyansh.kumar490@outlook.com
Diya Mehta,diya.mehta271@gmail.com
Aarav Agarwal,aarav.agarwal8212@outlook.com
Riya Gupta,riya.gupta5099@outlook.com
